title,price,item_link,discount,city
"Điện thoại giá siêu rẻ dành cho Học sinh sinh viên Ip 7Plus - điện thoại Chính Hãng I P H O N E 7 Plus 32G bản Quốc Tế, cảm ứng mượt, Camera siêu đẹp, máy nghe gọi tốt, Full Zalo Facebook Youtube, cày game mượt, Bảo hành 12 thán",9.000 ₫,https://www.lazada.vn/products/dien-thoai-gia-sieu-re-danh-cho-hoc-sinh-sinh-vien-ip-7plus-dien-thoai-chinh-hang-i-p-h-o-n-e-7-plus-32g-ban-quoc-te-cam-ung-muot-camera-sieu-dep-may-nghe-goi-tot-full-zalo-facebook-youtube-cay-game-muot-bao-hanh-12-than-i2339587232.html,,Hồ Chí Minh
"Điện thoại giá siêu rẻ dành cho Học sinh sinh viên 6S 64G - điện thoại Ip 6S 32G bản Quốc Tế, máy Chính Hãng, cảm ứng mượt, Camera siêu đẹp, máy nghe gọi tốt, Full Zalo Facebook Youtube, cày game mượt, Bảo hành 12 tháng",9.000 ₫,https://www.lazada.vn/products/dien-thoai-gia-sieu-re-danh-cho-hoc-sinh-sinh-vien-6s-64g-dien-thoai-ip-6s-32g-ban-quoc-te-may-chinh-hang-cam-ung-muot-camera-sieu-dep-may-nghe-goi-tot-full-zalo-facebook-youtube-cay-game-muot-bao-hanh-12-thang-i2339473776.html,,Hồ Chí Minh
"[ RẺ HƠN GIÁ RẺ] Điện thoại giá siêu rẻ dành cho Học sinh sinh viên 6S 64G - điện thoại Ip 6S 32G bản Quốc Tế, máy Chính Hãng, cảm ứng mượt, Camera siêu đẹp, máy nghe gọi tốt, Full Zalo Facebook Youtube, cày game mượt",8.000 ₫,https://www.lazada.vn/products/re-hon-gia-re-dien-thoai-gia-sieu-re-danh-cho-hoc-sinh-sinh-vien-6s-64g-dien-thoai-ip-6s-32g-ban-quoc-te-may-chinh-hang-cam-ung-muot-camera-sieu-dep-may-nghe-goi-tot-full-zalo-facebook-youtube-cay-game-muot-i2339421981.html,,Hồ Chí Minh
Ip 11 64GB - Hàng chính hãng,3.050.000 ₫,https://www.lazada.vn/products/ip-11-64gb-hang-chinh-hang-i2339246324.html,,Bắc Giang
"điện thoại Iiphone.7.32G. bản Quốc Tế Xài Sim, Máy Chính Hãng, cảm ứng mượt, Camera siêu đẹp, máy nghe gọi tốt, Full Zalo Facebook Youtube, cày game mượt, Bảo hành 12 tháng",9.000 ₫,https://www.lazada.vn/products/dien-thoai-iiphone732g-ban-quoc-te-xai-sim-may-chinh-hang-cam-ung-muot-camera-sieu-dep-may-nghe-goi-tot-full-zalo-facebook-youtube-cay-game-muot-bao-hanh-12-thang-i2339094081.html,Xu Tiết Kiệm 44.980 ₫,Hồ Chí Minh
"điện thoại Iiphone.SE. -Ip 5SE bộ nhớ 32G máy Chính Hãng, bản Quốc Tế xài sim, cảm ứng mượt, Camera siêu đẹp, máy nghe gọi tốt, Full Zalo Facebook Youtube, cày game mượt, Bảo hành 12 tháng",9.000 ₫,https://www.lazada.vn/products/dien-thoai-iiphonese-ip-5se-bo-nho-32g-may-chinh-hang-ban-quoc-te-xai-sim-cam-ung-muot-camera-sieu-dep-may-nghe-goi-tot-full-zalo-facebook-youtube-cay-game-muot-bao-hanh-12-thang-i2339082003.html,Xu Tiết Kiệm 26.980 ₫,Hồ Chí Minh
"điện thoại giá rẻ cho học sinh trẻ em điện thoại Ip 4S - Iiphone.4S. 16G máy Chính Hãng, máy nghe gọi tốt, Cảm ứng mượt, Full Zalo Tiktok Facebook Youtube",8.000 ₫,https://www.lazada.vn/products/dien-thoai-gia-re-cho-hoc-sinh-tre-em-dien-thoai-ip-4s-iiphone4s-16g-may-chinh-hang-may-nghe-goi-tot-cam-ung-muot-full-zalo-tiktok-facebook-youtube-i2339078029.html,Xu Tiết Kiệm 8.960 ₫,Hồ Chí Minh
"điện thoại Iiphone.6S.Plus 32G bản Quốc Tế Xài Sim, Máy Chính Hãng, cảm ứng mượt, Camera siêu đẹp, máy nghe gọi tốt, Full Zalo Facebook Youtube, cày game mượt, Bảo hành 12 tháng",9.000 ₫,https://www.lazada.vn/products/dien-thoai-iiphone6splus-32g-ban-quoc-te-xai-sim-may-chinh-hang-cam-ung-muot-camera-sieu-dep-may-nghe-goi-tot-full-zalo-facebook-youtube-cay-game-muot-bao-hanh-12-thang-i2339058232.html,Xu Tiết Kiệm 36.980 ₫,Hồ Chí Minh
"Điện thoại giá siêu rẻ dành cho Học sinh sinh viên điện thoại Iiphone.6.Plus 64G bản Quốc Tế Xài sim, Máy Chính Hãng, cảm ứng mượt, Camera siêu đẹp, máy nghe gọi tốt, Full Zalo Facebook Youtube, cày game mượt, Bảo hành 12 tháng",8.000 ₫,https://www.lazada.vn/products/dien-thoai-gia-sieu-re-danh-cho-hoc-sinh-sinh-vien-dien-thoai-iiphone6plus-64g-ban-quoc-te-xai-sim-may-chinh-hang-cam-ung-muot-camera-sieu-dep-may-nghe-goi-tot-full-zalo-facebook-youtube-cay-game-muot-bao-hanh-12-thang-i2339050485.html,Xu Tiết Kiệm 31.980 ₫,Hồ Chí Minh
"[ RẺ HƠN CÁC LOẠI RẺ] điện thoại Chính Hãng Oppo F9 Pro máy 2sim ram 8G/512G, cảm ứng mượt, Camera siêu đẹp, máy nghe gọi tốt, Full Zalo Facebook Youtube, cày game mượt, Bảo hành 12 tháng",8.000 ₫,https://www.lazada.vn/products/re-hon-cac-loai-re-dien-thoai-chinh-hang-oppo-f9-pro-may-2sim-ram-8g512g-cam-ung-muot-camera-sieu-dep-may-nghe-goi-tot-full-zalo-facebook-youtube-cay-game-muot-bao-hanh-12-thang-i2339049091.html,Xu Tiết Kiệm 30.980 ₫,Hồ Chí Minh
"Điện thoại giá siêu rẻ dành cho Học sinh sinh viên điện thoại Iiphone.8. 64G bản Quốc Tế Xài Sim, Máy Chính Hãng, cảm ứng mượt, Camera siêu đẹp, máy nghe gọi tốt, Full Zalo Facebook Youtube, cày game mượt, Bảo hành 12 tháng",8.000 ₫,https://www.lazada.vn/products/dien-thoai-gia-sieu-re-danh-cho-hoc-sinh-sinh-vien-dien-thoai-iiphone8-64g-ban-quoc-te-xai-sim-may-chinh-hang-cam-ung-muot-camera-sieu-dep-may-nghe-goi-tot-full-zalo-facebook-youtube-cay-game-muot-bao-hanh-12-thang-i2339043307.html,Xu Tiết Kiệm 63.980 ₫,Hồ Chí Minh
"điện thoại giá rẻ cho học sinh trẻ em điện thoại Iiphone.SE. -Ip 5SE bộ nhớ 32G máy Chính Hãng, bản Quốc Tế xài sim, cảm ứng mượt, Camera siêu đẹp, máy nghe gọi tốt, Full Zalo Facebook Youtube, cày game mượt, Bảo hành 12 tháng",8.000 ₫,https://www.lazada.vn/products/dien-thoai-gia-re-cho-hoc-sinh-tre-em-dien-thoai-iiphonese-ip-5se-bo-nho-32g-may-chinh-hang-ban-quoc-te-xai-sim-cam-ung-muot-camera-sieu-dep-may-nghe-goi-tot-full-zalo-facebook-youtube-cay-game-muot-bao-hanh-12-thang-i2339038323.html,Xu Tiết Kiệm 26.960 ₫,Hồ Chí Minh
"điện thoại Iiphone.6. 32G bản Quốc Tế Xài Sim. Máy Chính Hãng, cảm ứng mượt, Camera siêu đẹp, máy nghe gọi tốt, Full Zalo Facebook Youtube, cày game mượt, Bảo hành 12 tháng",9.000 ₫,https://www.lazada.vn/products/dien-thoai-iiphone6-32g-ban-quoc-te-xai-sim-may-chinh-hang-cam-ung-muot-camera-sieu-dep-may-nghe-goi-tot-full-zalo-facebook-youtube-cay-game-muot-bao-hanh-12-thang-i2339033643.html,Xu Tiết Kiệm 25.980 ₫,Hồ Chí Minh
"điện thoại Oppo A74 5G 2sim ram 12G/512G máy Chính Hãng, lướt Wed Tiktok Facebook Youtube chất, Bảo hành 12 tháng",9.000 ₫,https://www.lazada.vn/products/dien-thoai-oppo-a74-5g-2sim-ram-12g512g-may-chinh-hang-luot-wed-tiktok-facebook-youtube-chat-bao-hanh-12-thang-i2339017343.html,Xu Tiết Kiệm 51.980 ₫,Hồ Chí Minh
"Điện thoại giá siêu rẻ dành cho Học sinh sinh viên đời 7Plus - i.phon.e 7 Plus 32F giá siêu rẻ dành cho học sinh, sinh viên, người già full chức năng nghe gọi zalo Fb Youtube Tiktok chất",9.000 ₫,https://www.lazada.vn/products/dien-thoai-gia-sieu-re-danh-cho-hoc-sinh-sinh-vien-doi-7plus-iphone-7-plus-32f-gia-sieu-re-danh-cho-hoc-sinh-sinh-vien-nguoi-gia-full-chuc-nang-nghe-goi-zalo-fb-youtube-tiktok-chat-i2339003608.html,Xu Tiết Kiệm 59.980 ₫,Hồ Chí Minh
"Điện thoại giá siêu rẻ dành cho Học sinh sinh viên đời 7Plus - i.phon.e 7 Plus 32G bản Quốc Tế giá siêu rẻ dành cho học sinh, sinh viên, người già full chức năng nghe gọi zalo Fb Youtube Tiktok chất",9.000 ₫,https://www.lazada.vn/products/dien-thoai-gia-sieu-re-danh-cho-hoc-sinh-sinh-vien-doi-7plus-iphone-7-plus-32g-ban-quoc-te-gia-sieu-re-danh-cho-hoc-sinh-sinh-vien-nguoi-gia-full-chuc-nang-nghe-goi-zalo-fb-youtube-tiktok-chat-i2338999349.html,Xu Tiết Kiệm 59.980 ₫,Hồ Chí Minh
"điện thoại giá rẻ cho học sinh trẻ em điện thoại Vivo X7 Plus 2sim ram 6G/128G Máy Chính Hãng, cảm ứng mượt, Camera siêu đẹp, máy nghe gọi tốt, Full Zalo Facebook Youtube, cày game mượt, Bảo hành 12 tháng",8.000 ₫,https://www.lazada.vn/products/dien-thoai-gia-re-cho-hoc-sinh-tre-em-dien-thoai-vivo-x7-plus-2sim-ram-6g128g-may-chinh-hang-cam-ung-muot-camera-sieu-dep-may-nghe-goi-tot-full-zalo-facebook-youtube-cay-game-muot-bao-hanh-12-thang-i2338999234.html,Xu Tiết Kiệm 19.980 ₫,Hồ Chí Minh
"điện thoại giá rẻ cho học sinh trẻ em điện thoại Vivo X20 2sim ram 4G/64G máy Chính Hãng, cảm ứng mượt, Camera siêu đẹp, máy nghe gọi tốt, Full Zalo Facebook Youtube, cày game mượt, Bảo hành 12 tháng",8.000 ₫,https://www.lazada.vn/products/dien-thoai-gia-re-cho-hoc-sinh-tre-em-dien-thoai-vivo-x20-2sim-ram-4g64g-may-chinh-hang-cam-ung-muot-camera-sieu-dep-may-nghe-goi-tot-full-zalo-facebook-youtube-cay-game-muot-bao-hanh-12-thang-i2338986399.html,Xu Tiết Kiệm 21.980 ₫,Hồ Chí Minh
"Điện thoại Cảm ứng Cao Cấp Giá rẻ điện thoại Oppo A74 5G 2sim ram 12G/512G máy Chính Hãng, lướt Wed Tiktok Facebook Youtube chất, Bảo hành 12 tháng",9.000 ₫,https://www.lazada.vn/products/dien-thoai-cam-ung-cao-cap-gia-re-dien-thoai-oppo-a74-5g-2sim-ram-12g512g-may-chinh-hang-luot-wed-tiktok-facebook-youtube-chat-bao-hanh-12-thang-i2338979666.html,Xu Tiết Kiệm 51.980 ₫,Hồ Chí Minh
"điện thoại Iiphone.8. 64G bản Quốc Tế Xài Sim, Máy Chính Hãng, cảm ứng mượt, Camera siêu đẹp, máy nghe gọi tốt, Full Zalo Facebook Youtube, cày game mượt, Bảo hành 12 tháng",9.000 ₫,https://www.lazada.vn/products/dien-thoai-iiphone8-64g-ban-quoc-te-xai-sim-may-chinh-hang-cam-ung-muot-camera-sieu-dep-may-nghe-goi-tot-full-zalo-facebook-youtube-cay-game-muot-bao-hanh-12-thang-i2338975851.html,Xu Tiết Kiệm 63.980 ₫,Hồ Chí Minh
"điện thoại giá rẻ cho học sinh trẻ em điện thoại Iiphone.7.32G. bản Quốc Tế Xài Sim, Máy Chính Hãng, cảm ứng mượt, Camera siêu đẹp, máy nghe gọi tốt, Full Zalo Facebook Youtube, cày game mượt, Bảo hành 12 tháng",8.000 ₫,https://www.lazada.vn/products/dien-thoai-gia-re-cho-hoc-sinh-tre-em-dien-thoai-iiphone732g-ban-quoc-te-xai-sim-may-chinh-hang-cam-ung-muot-camera-sieu-dep-may-nghe-goi-tot-full-zalo-facebook-youtube-cay-game-muot-bao-hanh-12-thang-i2338974968.html,Xu Tiết Kiệm 44.960 ₫,Hồ Chí Minh
"điện thoại giá rẻ cho học sinh trẻ em điện thoại Iiphone.6S.Plus 32G bản Quốc Tế Xài Sim, Máy Chính Hãng, cảm ứng mượt, Camera siêu đẹp, máy nghe gọi tốt, Full Zalo Facebook Youtube, cày game mượt, Bảo hành 12 tháng",8.000 ₫,https://www.lazada.vn/products/dien-thoai-gia-re-cho-hoc-sinh-tre-em-dien-thoai-iiphone6splus-32g-ban-quoc-te-xai-sim-may-chinh-hang-cam-ung-muot-camera-sieu-dep-may-nghe-goi-tot-full-zalo-facebook-youtube-cay-game-muot-bao-hanh-12-thang-i2338969865.html,Xu Tiết Kiệm 36.940 ₫,Hồ Chí Minh
"điện thoại Chính Hãng Oppo F9 Pro máy 2sim ram 8G/512G, Smartphone Cao cấp, Camera đẹp, Cấu hình mạnh, Chiến mọi Game nặng siêu mượt",8.000 ₫,https://www.lazada.vn/products/dien-thoai-chinh-hang-oppo-f9-pro-may-2sim-ram-8g512g-smartphone-cao-cap-camera-dep-cau-hinh-manh-chien-moi-game-nang-sieu-muot-i2338963800.html,Xu Tiết Kiệm 30.980 ₫,Hồ Chí Minh
"điện thoại Vivo X20 2sim ram 4G/64G máy Chính Hãng, cảm ứng mượt, Camera siêu đẹp, máy nghe gọi tốt, Full Zalo Facebook Youtube, cày game mượt, Bảo hành 12 tháng",9.000 ₫,https://www.lazada.vn/products/dien-thoai-vivo-x20-2sim-ram-4g64g-may-chinh-hang-cam-ung-muot-camera-sieu-dep-may-nghe-goi-tot-full-zalo-facebook-youtube-cay-game-muot-bao-hanh-12-thang-i2338952288.html,Xu Tiết Kiệm 21.980 ₫,Hồ Chí Minh
"điện thoại giá rẻ cho học sinh trẻ em điện thoại Iiphone.7Plus. 32G bản Quốc Tế máy Chính Hãng, cảm ứng mượt, Camera siêu đẹp, máy nghe gọi tốt, Full Zalo Facebook Youtube, cày game mượt, Bảo hành 12 tháng",8.000 ₫,https://www.lazada.vn/products/dien-thoai-gia-re-cho-hoc-sinh-tre-em-dien-thoai-iiphone7plus-32g-ban-quoc-te-may-chinh-hang-cam-ung-muot-camera-sieu-dep-may-nghe-goi-tot-full-zalo-facebook-youtube-cay-game-muot-bao-hanh-12-thang-i2338941549.html,Xu Tiết Kiệm 59.980 ₫,Hồ Chí Minh
"điện thoại Vivo Y73s 5G máy 2sim ram 8G/128G Chính Hãng, cảm ứng mượt, Camera siêu đẹp, máy nghe gọi tốt, Full Zalo Facebook Youtube, cày game mượt, Bảo hành 12 tháng",9.000 ₫,https://www.lazada.vn/products/dien-thoai-vivo-y73s-5g-may-2sim-ram-8g128g-chinh-hang-cam-ung-muot-camera-sieu-dep-may-nghe-goi-tot-full-zalo-facebook-youtube-cay-game-muot-bao-hanh-12-thang-i2338941271.html,Xu Tiết Kiệm 49.980 ₫,Hồ Chí Minh
"điện thoại Vivo Y53S 5G máy 2sim Ram 8G/128G Chính Hãng, cảm ứng mượt, Camera siêu đẹp, máy nghe gọi tốt, Full Zalo Facebook Youtube, cày game mượt, Bảo hành 12 tháng",9.000 ₫,https://www.lazada.vn/products/dien-thoai-vivo-y53s-5g-may-2sim-ram-8g128g-chinh-hang-cam-ung-muot-camera-sieu-dep-may-nghe-goi-tot-full-zalo-facebook-youtube-cay-game-muot-bao-hanh-12-thang-i2338875927.html,Xu Tiết Kiệm 49.980 ₫,Hồ Chí Minh
"điện thoại Iiphone.6.Plus 64G bản Quốc Tế Xài sim, Máy Chính Hãng, cảm ứng mượt, Camera siêu đẹp, máy nghe gọi tốt, Full Zalo Facebook Youtube, cày game mượt, Bảo hành 12 tháng",8.000 ₫,https://www.lazada.vn/products/dien-thoai-iiphone6plus-64g-ban-quoc-te-xai-sim-may-chinh-hang-cam-ung-muot-camera-sieu-dep-may-nghe-goi-tot-full-zalo-facebook-youtube-cay-game-muot-bao-hanh-12-thang-i2338865976.html,Xu Tiết Kiệm 31.980 ₫,Hồ Chí Minh
"Điện thoại giá siêu rẻ dành cho Học sinh sinh viên điện thoại Iiphone.6. 32G bản Quốc Tế Xài Sim. Máy Chính Hãng, cảm ứng mượt, Camera siêu đẹp, máy nghe gọi tốt, Full Zalo Facebook Youtube, cày game mượt, Bảo hành 12 tháng",8.000 ₫,https://www.lazada.vn/products/dien-thoai-gia-sieu-re-danh-cho-hoc-sinh-sinh-vien-dien-thoai-iiphone6-32g-ban-quoc-te-xai-sim-may-chinh-hang-cam-ung-muot-camera-sieu-dep-may-nghe-goi-tot-full-zalo-facebook-youtube-cay-game-muot-bao-hanh-12-thang-i2338860988.html,Xu Tiết Kiệm 25.980 ₫,Hồ Chí Minh
"điện thoại Vivo X7 Plus 2sim ram 6G/128G Máy Chính Hãng, cảm ứng mượt, Camera siêu đẹp, máy nghe gọi tốt, Full Zalo Facebook Youtube, cày game mượt, Bảo hành 12 tháng",8.000 ₫,https://www.lazada.vn/products/dien-thoai-vivo-x7-plus-2sim-ram-6g128g-may-chinh-hang-cam-ung-muot-camera-sieu-dep-may-nghe-goi-tot-full-zalo-facebook-youtube-cay-game-muot-bao-hanh-12-thang-i2338833777.html,Xu Tiết Kiệm 19.980 ₫,Hồ Chí Minh
"Điện thoại giá siêu rẻ dành cho Học sinh sinh viên điện thoại Vivo S10e 5G 2sim ram 8+4G rom 128G máy Chính Hãng, cảm ứng mượt, Camera siêu đẹp, máy nghe gọi tốt, Full Zalo Facebook Youtube, cày game mượt, Bảo hành 12 tháng",8.000 ₫,https://www.lazada.vn/products/dien-thoai-gia-sieu-re-danh-cho-hoc-sinh-sinh-vien-dien-thoai-vivoe-5g-2sim-ram-84g-rom-128g-may-chinh-hang-cam-ung-muot-camera-sieu-dep-may-nghe-goi-tot-full-zalo-facebook-youtube-cay-game-muot-bao-hanh-12-thang-i2338819267.html,Xu Tiết Kiệm 57.980 ₫,Hồ Chí Minh
"Điện thoại giá siêu rẻ dành cho Học sinh sinh viên điện thoại Vivo Y73s 5G máy 2sim ram 8G/128G Chính Hãng, cảm ứng mượt, Camera siêu đẹp, máy nghe gọi tốt, Full Zalo Facebook Youtube, cày game mượt, Bảo hành 12 tháng",7.000 ₫,https://www.lazada.vn/products/dien-thoai-gia-sieu-re-danh-cho-hoc-sinh-sinh-vien-dien-thoai-vivo-y73s-5g-may-2sim-ram-8g128g-chinh-hang-cam-ung-muot-camera-sieu-dep-may-nghe-goi-tot-full-zalo-facebook-youtube-cay-game-muot-bao-hanh-12-thang-i2338813775.html,Xu Tiết Kiệm 49.980 ₫,Hồ Chí Minh
"điện thoại giá rẻ cho học sinh trẻ em điện thoại Vivo Y53S 5G máy 2sim Ram 8G/128G Chính Hãng, cảm ứng mượt, Camera siêu đẹp, máy nghe gọi tốt, Full Zalo Facebook Youtube, cày game mượt, Bảo hành 12 tháng",8.000 ₫,https://www.lazada.vn/products/dien-thoai-gia-re-cho-hoc-sinh-tre-em-dien-thoai-vivo-y53s-5g-may-2sim-ram-8g128g-chinh-hang-cam-ung-muot-camera-sieu-dep-may-nghe-goi-tot-full-zalo-facebook-youtube-cay-game-muot-bao-hanh-12-thang-i2338791777.html,Xu Tiết Kiệm 49.980 ₫,Hồ Chí Minh
"điện thoại Vivo S10e 5G 2sim ram 8+4G rom 128G máy Chính Hãng, cảm ứng mượt, Camera siêu đẹp, máy nghe gọi tốt, Full Zalo Facebook Youtube, cày game mượt, Bảo hành 12 tháng",9.000 ₫,https://www.lazada.vn/products/dien-thoai-vivoe-5g-2sim-ram-84g-rom-128g-may-chinh-hang-cam-ung-muot-camera-sieu-dep-may-nghe-goi-tot-full-zalo-facebook-youtube-cay-game-muot-bao-hanh-12-thang-i2338790310.html,Xu Tiết Kiệm 57.980 ₫,Hồ Chí Minh
"[ RẺ HƠN CÁC LOẠI RẺ] điện thoại Vivo V20 máy 2sim ram 8G/128G Chính Hãng, cảm ứng mượt, Camera siêu đẹp, máy nghe gọi tốt, Full Zalo Facebook Youtube, cày game mượt, Bảo hành 12 tháng",7.000 ₫,https://www.lazada.vn/products/re-hon-cac-loai-re-dien-thoai-vivo-v20-may-2sim-ram-8g128g-chinh-hang-cam-ung-muot-camera-sieu-dep-may-nghe-goi-tot-full-zalo-facebook-youtube-cay-game-muot-bao-hanh-12-thang-i2338734890.html,Xu Tiết Kiệm 57.980 ₫,Hồ Chí Minh
"Điện thoại Cảm ứng Cao Cấp Giá rẻ điện thoại Vivo Y35 2022 máy 2sim ram 8G/128G Chính Hãng, cảm ứng mượt, Camera siêu đẹp, máy nghe gọi tốt, Full Zalo Facebook Youtube, cày game mượt, Bảo hành 12 tháng",7.000 ₫,https://www.lazada.vn/products/dien-thoai-cam-ung-cao-cap-gia-re-dien-thoai-vivo-y35-2022-may-2sim-ram-8g128g-chinh-hang-cam-ung-muot-camera-sieu-dep-may-nghe-goi-tot-full-zalo-facebook-youtube-cay-game-muot-bao-hanh-12-thang-i2338645024.html,Xu Tiết Kiệm 49.980 ₫,Hồ Chí Minh
"điện thoại giá rẻ cho học sinh trẻ em điện thoại Vivo Y16 2022 máy 2sim ram 6G/128G Chính Hãng, cảm ứng mượt, Camera siêu đẹp, máy nghe gọi tốt, Full Zalo Facebook Youtube, cày game mượt, Bảo hành 12 tháng",7.000 ₫,https://www.lazada.vn/products/dien-thoai-gia-re-cho-hoc-sinh-tre-em-dien-thoai-vivo-y16-2022-may-2sim-ram-6g128g-chinh-hang-cam-ung-muot-camera-sieu-dep-may-nghe-goi-tot-full-zalo-facebook-youtube-cay-game-muot-bao-hanh-12-thang-i2338620359.html,Xu Tiết Kiệm 41.980 ₫,Hồ Chí Minh
"điện thoại Vivo Y35 2022 máy 2sim ram 8G/128G Chính Hãng, cảm ứng mượt, Camera siêu đẹp, máy nghe gọi tốt, Full Zalo Facebook Youtube, cày game mượt, Bảo hành 12 tháng",7.000 ₫,https://www.lazada.vn/products/dien-thoai-vivo-y35-2022-may-2sim-ram-8g128g-chinh-hang-cam-ung-muot-camera-sieu-dep-may-nghe-goi-tot-full-zalo-facebook-youtube-cay-game-muot-bao-hanh-12-thang-i2338619168.html,Xu Tiết Kiệm 49.980 ₫,Hồ Chí Minh
"điện thoại Vivo Y55 2022 máy 2sim ram 8G/128G Chính Hãng, cảm ứng mượt, Camera siêu đẹp, máy nghe gọi tốt, Full Zalo Facebook Youtube, cày game mượt, Bảo hành 12 tháng",9.000 ₫,https://www.lazada.vn/products/dien-thoai-vivo-y55-2022-may-2sim-ram-8g128g-chinh-hang-cam-ung-muot-camera-sieu-dep-may-nghe-goi-tot-full-zalo-facebook-youtube-cay-game-muot-bao-hanh-12-thang-i2338611081.html,Xu Tiết Kiệm 48.980 ₫,Hồ Chí Minh
"Điện thoại giá siêu rẻ dành cho Học sinh sinh viên điện thoại Vivo Y55 2022 máy 2sim ram 8G/128G Chính Hãng, cảm ứng mượt, Camera siêu đẹp, máy nghe gọi tốt, Full Zalo Facebook Youtube, cày game mượt, Bảo hành 12 tháng",8.000 ₫,https://www.lazada.vn/products/dien-thoai-gia-sieu-re-danh-cho-hoc-sinh-sinh-vien-dien-thoai-vivo-y55-2022-may-2sim-ram-8g128g-chinh-hang-cam-ung-muot-camera-sieu-dep-may-nghe-goi-tot-full-zalo-facebook-youtube-cay-game-muot-bao-hanh-12-thang-i2338598255.html,Xu Tiết Kiệm 48.960 ₫,Hồ Chí Minh
